text,author_id,created_at
#trump #donaldtrump ,1.85395E+18,2024-12-05 13:10:09+00:00
 special giveaway launch days left in days people amp follow people join ,1.83359E+18,2024-12-05 13:10:08+00:00
 special giveaway launch days left in days people amp follow people join ,1.78184E+18,2024-12-05 13:10:05+00:00
 donald trump f licite les d tenteurs de bitcoin pour avoir d pass les dollars #donaldtrump #btc k #crypto #bullrun ,1.85648E+18,2024-12-05 13:10:02+00:00
 special giveaway launch days left in days people amp follow people join ,1.52041E+18,2024-12-05 13:09:45+00:00
 special giveaway launch days left in days people amp follow people join ,1.61962E+18,2024-12-05 13:09:33+00:00
 including the date after rd of march #olafscholz #bosch #volkswagen #keirstarmer #joebiden #donaldtrump #elonmusk #shigeruishiba #emmanuelmacron,1.64986E+18,2024-12-05 13:09:27+00:00
 including the date after rd of march #olafscholz #bosch #volkswagen #keirstarmer #joebiden #donaldtrump #elonmusk #shigeruishiba #emmanuelmacron,1.64986E+18,2024-12-05 13:09:22+00:00
 including the date after rd of march #olafscholz #bosch #volkswagen #keirstarmer #joebiden #donaldtrump #elonmusk #shigeruishiba #emmanuelmacron,1.64986E+18,2024-12-05 13:09:16+00:00
 special giveaway launch days left in days people amp follow people join ,1.79509E+18,2024-12-05 13:09:08+00:00
#trumpisagloballaughingstock #trumpisaconvictedfelon #donaldtrump #trump #fail,313536147,2024-12-05 13:09:01+00:00
 ,1.30071E+18,2024-12-05 13:08:47+00:00
 special giveaway launch days left in days people amp follow people join ,1.58133E+18,2024-12-05 13:08:38+00:00
 #donaldtrump congratulated bitcoiners on reaching the goal of #bitcoin #trump #btc #cryptocommunity htt ,1.3213E+18,2024-12-05 13:08:35+00:00
 including the date after rd of march #olafscholz #bosch #volkswagen #keirstarmer #joebiden #donaldtrump #elonmusk #shigeruishiba #emmanuelmacron,1.64986E+18,2024-12-05 13:08:35+00:00
 special giveaway launch days left in days people amp follow people join ,1.84801E+18,2024-12-05 13:08:28+00:00
i suppo trump show your suppo shop online #donaldtrump #usa #onlineshopping #potus ,2999201017,2024-12-05 13:08:26+00:00
 including the date after rd of march #olafscholz #bosch #volkswagen #keirstarmer #joebiden #donaldtrump #elonmusk #shigeruishiba #emmanuelmacron,1.64986E+18,2024-12-05 13:08:25+00:00
 just in president elect trump congratulates bitcoin holders on surpassing #donaldtrump #bitcoin # k ht ,1.86353E+18,2024-12-05 13:08:22+00:00
 hama residents celebrate as the syrian opposition enters the city #unitednations #usa #france #china #donaldtrump #europe #humanrightsorganization ,1.82009E+18,2024-12-05 13:08:22+00:00
 and could have had a team of down in wnc in late october nothing but starli ,1.68539E+18,2024-12-05 13:08:00+00:00
just in president elect trump congratulates bitcoin holders on surpassing #donaldtrump #bitcoin # k ,1.83541E+18,2024-12-05 13:07:58+00:00
 #donaldtrump congratulated bitcoiners on reaching the goal of #bitcoin #trump #btc #cryptocommunity htt ,2321066852,2024-12-05 13:07:55+00:00
 the syrian opposition enters the city of hama amidst the joy of its residents #unitednations #usa #france #china #donaldtrump #europe #humanrightsorganization ,1.82009E+18,2024-12-05 13:07:48+00:00
 special giveaway launch days left in days people amp follow people join ,1.8407E+18,2024-12-05 13:07:45+00:00
 special giveaway launch days left in days people amp follow people join ,1.81886E+18,2024-12-05 13:07:43+00:00
 including the date after rd of march #olafscholz #bosch #volkswagen #keirstarmer #joebiden #donaldtrump #elonmusk #shigeruishiba #emmanuelmacron,1.64986E+18,2024-12-05 13:07:41+00:00
 special giveaway launch days left in days people amp follow people join ,7.4636E+17,2024-12-05 13:07:39+00:00
 including the date after rd of march #olafscholz #bosch #volkswagen #keirstarmer #joebiden #donaldtrump #elonmusk #shigeruishiba #emmanuelmacron,1.64986E+18,2024-12-05 13:07:37+00:00
do you agree with this ai depiction of you is this how you want them to poray you in front of the world #donaldtrump ,1.36601E+18,2024-12-05 13:07:31+00:00
 and could have had a team of down in wnc in late october nothing but starli ,1.68539E+18,2024-12-05 13:07:30+00:00
 special giveaway launch days left in days people amp follow people join ,1.81904E+18,2024-12-05 13:07:30+00:00
 and could have had a team of down in wnc in late october nothing but starlink and m those people are suffering you are paying and shooting rockets into space sickening do better much better ,1.48506E+18,2024-12-05 13:07:29+00:00
 special giveaway launch days left in days people amp follow people join ,1.8196E+18,2024-12-05 13:07:24+00:00
 #donaldtrump congratulated bitcoiners on reaching the goal of #bitcoin #trump #btc #cryptocommunity ,1.46467E+18,2024-12-05 13:07:17+00:00
 and could have had a team of down in wnc in late october nothing but starli ,1.68539E+18,2024-12-05 13:07:11+00:00
 special giveaway launch days left in days people amp follow people join ,1.80331E+18,2024-12-05 13:07:09+00:00
 including the date after rd of march #olafscholz #bosch #volkswagen #keirstarmer #joebiden #donaldtrump #elonmusk #shigeruishiba #emmanuelmacron,1.64986E+18,2024-12-05 13:07:07+00:00
 president elect #donaldtrump recently announced his plan to impose tariffs on goods impoed from #canada #china and # ,3026990185,2024-12-05 13:07:02+00:00
 special giveaway launch days left in days people amp follow people join ,1.6407E+18,2024-12-05 13:07:01+00:00
the un silent majority #trump #donaldtrump #trumpvoters #trump ,20244735,2024-12-05 13:06:51+00:00
 special giveaway launch days left in days people amp follow people join ,1.85551E+18,2024-12-05 13:06:50+00:00
 special giveaway launch days left in days people amp follow people join ,1.61625E+18,2024-12-05 13:06:49+00:00
 special giveaway launch days left in days people amp follow people join ,1.85062E+18,2024-12-05 13:06:46+00:00
buy more #bitcoin #donaldtrump #maga ,181806957,2024-12-05 13:06:38+00:00
 special giveaway launch days left in days people amp follow people join ,9.85825E+17,2024-12-05 13:06:35+00:00
 including the date after rd of march #olafscholz #bosch #volkswagen #keirstarmer #joebiden #donaldtrump #elonmusk #shigeruishiba #emmanuelmacron,1.64986E+18,2024-12-05 13:06:30+00:00
 special giveaway launch days left in days people amp follow people join ,1.58327E+18,2024-12-05 13:06:30+00:00
#gazagenocide #gazaholocaust #gaza in genocide #gaza under attack # #gaza #savenohgaza #usakillesu #famine in noh gaza #biden #trump #kamalaharris #sondakika #donaldtrump #israel #netanyahu ,3055999876,2024-12-05 13:06:21+00:00
 uh got your presidents mixed up that was the trump administration declaring genocide on all americans while handing trillions to mega corporations amp his own trump org i also remember arresting other people for rape sex with kids while richie trump orgied w epstein ,1.35555E+18,2024-12-05 13:06:14+00:00
 special giveaway launch days left in days people amp follow people join ,1.85555E+18,2024-12-05 13:06:14+00:00
 special giveaway launch days left in days people amp follow people join ,1.81864E+18,2024-12-05 13:06:09+00:00
#gazagenocide #gazaholocaust #gaza in genocide #gaza under attack # #gaza #savenohgaza #usakillesu #famine in noh gaza #biden #trump #kamalaharris #sondakika #donaldtrump #israel #netanyahu ,3055999876,2024-12-05 13:06:05+00:00
 #bitcoin #donaldtrump #cryptocurrency mstr coin ,1.76179E+18,2024-12-05 13:06:04+00:00
 special giveaway launch days left in days people amp follow people join ,1.79763E+18,2024-12-05 13:06:03+00:00
 la primera crisis en el gabinete de la presidenta fue precipitada por las amenazas de #donaldtrump e in ,1360929200,2024-12-05 13:05:52+00:00
 reuni n con #javiermilei un economista de #donaldtrump alea sobre riesgos del fmi en argentina #n ,728012034,2024-12-05 13:05:36+00:00
 including the date after rd of march #olafscholz #bosch #volkswagen #keirstarmer #joebiden #donaldtrump #elonmusk #shigeruishiba #emmanuelmacron,1.64986E+18,2024-12-05 13:05:23+00:00
 kislev is amonth of manymiracles and one that isnot on our jewishcalendars is that donaldtrump is alive and well andwill be the thpresident of the unitedstates it snot on ourcalendars yet but perhaps it will beatsomepointinthefuture ,18518866,2024-12-05 13:05:20+00:00
 including the date after rd of march #olafscholz #bosch #volkswagen #keirstarmer #joebiden #donaldtrump #elonmusk #shigeruishiba #emmanuelmacron,1.64986E+18,2024-12-05 13:05:18+00:00
 america s moral shame ,3134915930,2024-12-05 13:05:17+00:00
 special giveaway launch days left in days people amp follow people join ,2434808203,2024-12-05 13:05:11+00:00
 bitcoin breaks k barrier market booms under pro crypto expectations #bitcoin #cryptomilestone #bitcoin k #cryptobo ,2917834652,2024-12-05 13:05:08+00:00
 special giveaway launch days left in days people amp follow people join ,1.86042E+18,2024-12-05 13:04:59+00:00
tyvm donald president elect congratulates bitcoiners on target on truth social #president #donaldtrump #truthsocial #bullish #bullrun #bitcoin #btc btc #usdt #crypto #blockchain #lfg #etf #defi #hodl #supercycle,1.7101E+18,2024-12-05 13:04:54+00:00
bitcoin de bekledi im sarasi ile y kseli hareketi #donaldtrump #bitcoin #faiz ,9.64127E+17,2024-12-05 13:04:48+00:00
 special giveaway launch days left in days people amp follow people join ,1108217162,2024-12-05 13:04:41+00:00
just in president elect trump congratulates #bitcoin holders on surpassing #donaldtrump #bitcoin ,1971238724,2024-12-05 13:04:41+00:00
food manufacture explores the future of uk trade with the us and eu read the aicle #tariffs #trump #donaldtrump #ukfood,82053266,2024-12-05 13:04:39+00:00
 breaking president elect extends congratulations to #bitcoin investors as the #cryptocurrency reaches #coinpedia #cryptonews #blockchain #cryptocommunity ,8.06819E+17,2024-12-05 13:04:33+00:00
 special giveaway launch days left in days people amp follow people join ,1.73772E+18,2024-12-05 13:04:31+00:00
 special giveaway launch days left in days people amp follow people join ,2837051001,2024-12-05 13:04:25+00:00
 special giveaway launch days left in days people amp follow people join ,1.78144E+18,2024-12-05 13:04:25+00:00
 special giveaway launch days left in days people amp follow people join ,1.81791E+18,2024-12-05 13:04:24+00:00
including the date after rd of march #olafscholz #bosch #volkswagen #keirstarmer #joebiden #donaldtrump #elonmusk #shigeruishiba #emmanuelmacron,1.64986E+18,2024-12-05 13:04:20+00:00
 special giveaway launch days left in days people amp follow people join ,1.4628E+18,2024-12-05 13:04:17+00:00
 special giveaway launch days left in days people amp follow people join ,1.39637E+18,2024-12-05 13:04:17+00:00
 special giveaway launch days left in days people amp follow people join ,4299607514,2024-12-05 13:04:06+00:00
 special giveaway launch days left in days people amp follow people join ,1177289822,2024-12-05 13:04:04+00:00
 special giveaway launch days left in days people amp follow people join ,1.40435E+18,2024-12-05 13:04:01+00:00
 special giveaway launch days left in days people amp follow people join ,1.54205E+18,2024-12-05 13:03:57+00:00
 special giveaway launch days left in days people amp follow people join ,1.73092E+18,2024-12-05 13:03:56+00:00
 december hkt #donaldtrump #trump #fail,313536147,2024-12-05 13:03:36+00:00
 #shantishram #russia #ukrain #donaldtrump ,1.27151E+18,2024-12-05 13:03:36+00:00
 special giveaway launch days left in days people amp follow people join ,1.79539E+18,2024-12-05 13:03:22+00:00
 special giveaway launch days left in days people amp follow people join ,1.84876E+18,2024-12-05 13:03:21+00:00
 by what authority fema and the current administration kept blocking everyone trying to help it wasn t until elon and trump staed to showcase them that things staed getting a little better but the better question is why is fema still keeping families in tents where did ,15358606,2024-12-05 13:03:06+00:00
congressional probe into va facility uncovers person orgy and official who had sex with coworkers bombshell repo the house committee on veterans affairs #fyp #foryou #trump #donaldtrump #usa #america #unitedstates #edit #trending #viral #tiktok #politics #trump ,392704505,2024-12-05 13:02:50+00:00
 ,7.19172E+17,2024-12-05 13:02:45+00:00
 special giveaway launch days left in days people amp follow people join ,1.80526E+18,2024-12-05 13:02:45+00:00
 special giveaway launch days left in days people amp follow people join ,1.7824E+18,2024-12-05 13:02:42+00:00
 special giveaway launch days left in days people amp follow people join ,1.84858E+18,2024-12-05 13:02:33+00:00
 special giveaway launch days left in days people amp follow people join ,1.31053E+18,2024-12-05 13:02:31+00:00
 special giveaway launch days left in days people amp follow people join ,1.79986E+18,2024-12-05 13:02:31+00:00
 trump s crimes vs hunter biden stop the false equivalence #rolandmainunfiltered #blackstarne ,3217645371,2024-12-05 13:02:28+00:00
 congratulations bitcoiners you re welcome together we will make america great again donald #trump congratulates everyone with reaching k m per #bitcoin on truthsocial #donaldtrump #maga ,1.49297E+18,2024-12-05 13:02:26+00:00
 special giveaway launch days left in days people amp follow people join ,1.86358E+18,2024-12-05 13:02:26+00:00
 special giveaway launch days left in days people amp follow people join ,1.63424E+18,2024-12-05 13:02:25+00:00
 ,7.85456E+17,2024-12-05 13:02:18+00:00
 kash patel has already published list of enemies he ll target with fbi w #politics #kashpatel #fbi #r ,406484279,2024-12-05 13:02:15+00:00
 we live in such a bizarre time right wing american populists suppo russia a country that has sought the destruction ,1.11719E+18,2024-12-05 13:31:19+00:00
 the senate confirmed another activist left wing nut we the people have had enough of this bullshit you are a treasonous asshat ,1.45385E+18,2024-12-05 13:31:02+00:00
 the snp budget might work inside the left wing holyrood bubble but it lets down scottish workers and businesses in th ,1.19041E+18,2024-12-05 13:30:57+00:00
 unite behind don t let the msm corrupt members of the military industrial complex and left wing win how come dems can unite but gop senators who clearly are in majority bc of win cannot we need to take names and act ,2345930283,2024-12-05 13:30:52+00:00
 we live in such a bizarre time right wing american populists suppo russia a country that has sought the destruction ,1.48818E+18,2024-12-05 13:30:45+00:00
 following the constitution shouldn t just be what conservatives strive for unfounately the other side doesn t seem to care about the rule of law and wants to treat the u s as a left wing social experiment ,1.54192E+18,2024-12-05 13:30:36+00:00
 the left wing is turning on each other,1.31107E+18,2024-12-05 13:30:28+00:00
 left wing right wing brahmin wing ,1.72589E+18,2024-12-05 13:30:27+00:00
 the best way to describe it is more that the youth are rejecting the traditional staying power that are the tories many are still left wing but are disillusioned with labour yet feel rejected by the extremity of the greens and passiveness of the lib dems ,1.85191E+18,2024-12-05 13:30:16+00:00
 we live in such a bizarre time right wing american populists suppo russia a country that has sought the destruction ,2312810112,2024-12-05 13:30:14+00:00
 we live in such a bizarre time right wing american populists suppo russia a country that has sought the destruction ,1175990780,2024-12-05 13:30:09+00:00
 i m way more right wing than you but thanks for making completely unwarranted assumptions about other pe ,1.61145E+18,2024-12-05 13:30:04+00:00
 i don t think that britain is given a choice in this decade you cannot vote for left wing policies of equality and kindness because they are unelectable and will be for a generation ,1.80986E+18,2024-12-05 13:30:04+00:00
 european voters are becoming increasingly vocal in rejecting mass immigration but some governments refuse to listen spai ,1.44079E+18,2024-12-05 13:29:59+00:00
 oh no the left wing producer tried to silence rr the horror welcome to what conservatives face in every interview the lying mainstream media is committed suicide from their lying and good they deserve it ,1.70602E+18,2024-12-05 13:29:55+00:00
 strange how you re not so compassionate about left wing mps making mistakes ,1.62643E+18,2024-12-05 13:29:50+00:00
 the online left wing reaction to the ceo s death has been horrendous but healthcare community is an objectively hilariou ,1.06787E+18,2024-12-05 13:29:49+00:00
 what i mean is that no one in politics in france is brave enough to cut the spending created by the left and even our right wing usually increases these spending we don t have anyone in power with a right wing economical mind,1.11852E+18,2024-12-05 13:29:39+00:00
 bus been surrounded by left wing academics for a good pa of his now it wouldn t surprise me if luke genuinely was his ,1.80661E+18,2024-12-05 13:29:35+00:00
 the trudeau govt has said hate speech on social media comes from right wing ,634127491,2024-12-05 13:29:33+00:00
 we live in such a bizarre time right wing american populists suppo russia a country that has sought the destruction ,1.16034E+18,2024-12-05 13:29:23+00:00
 they hate you because you defend human rights and you are left wing and antifascist what they are not,1.79391E+18,2024-12-05 13:29:13+00:00
 most of those people will be of a religion that would actively stone i m a sexual man in street in their own country fact this cheap little left wing sound bites from this paicular mp can be pulled apa if subjected to appropriate scrutiny homosexuality is forbidden ,1.67655E+18,2024-12-05 13:29:04+00:00
 absurd logic sounds like another left wing politician not a guardian of the constitution ,1.69293E+18,2024-12-05 13:29:01+00:00
 dorothy bishop presumably is a left wing scientist who throws a hissy fit when she hears an opinion that is ,9.96823E+17,2024-12-05 13:28:43+00:00
 the left wing position is reducing immigration ours is remigration we re still miles apa but everyone on all sides wa ,1332509695,2024-12-05 13:28:27+00:00
 until zuckerberg stops censoring conservatives on facebook his going maga is suspect at best until the wapo actually stas repoing facts instead of left wing narrative bezos transformation is also questionable ,1444313197,2024-12-05 13:28:26+00:00
 both these women are a menace to families and the united states sotomayor hates white men jackson is a left wing advoca ,7.49932E+17,2024-12-05 13:28:12+00:00
 european voters are becoming increasingly vocal in rejecting mass immigration but some governments refuse to listen spai ,50029551,2024-12-05 13:28:04+00:00
 we live in such a bizarre time right wing american populists suppo russia a country that has sought the destruction ,283650140,2024-12-05 13:28:01+00:00
 you then would be a left wing deluded wanker if the highest order,1.56958E+18,2024-12-05 13:27:41+00:00
 the difference between left wing and right wing ,9.16032E+17,2024-12-05 13:27:41+00:00
we must remove these left wing globalists ,1.47382E+18,2024-12-05 13:27:33+00:00
 what about your new version of snow white completely destructurised woke left wing political diarrhea ,1.33645E+18,2024-12-05 13:27:28+00:00
 hope not hate have a vile ceo in nick lowles their director of research joe mulhall is equally vile here he is boas ,1.79944E+18,2024-12-05 13:27:27+00:00
 would love to contribute as soon as i find a sane right wing sane woman sadly i m simply surrounded by left wing death cultists ,1.85492E+18,2024-12-05 13:27:25+00:00
 we live in such a bizarre time right wing american populists suppo russia a country that has sought the destruction ,2550470930,2024-12-05 13:27:24+00:00
 another wohless prize hijacked by left wing activists for their own political agenda shame ,1.74366E+18,2024-12-05 13:27:17+00:00
 there is no right wing there s just radical marxist leftists pushing hard to the left and ordinary everyday people doing their best to fight back while republicans line their pockets as they spew the same racial talking points diversity equity and inclusion as the left ,1.85233E+18,2024-12-05 13:27:12+00:00
 same problems in the uk we have left wing pigs living off the fat of the land from leaving university at and retirement on a big fat pension age most of us work hard from to when we can find it and get a state pension ,1.8211E+18,2024-12-05 13:27:11+00:00
 right wing needs to learn the a of subtlety and propaganda left has made no direct movie on but they have infused ,1.49313E+18,2024-12-05 13:27:09+00:00
 both these women are a menace to families and the united states sotomayor hates white men jackson is a left wing advoca ,1.59303E+18,2024-12-05 13:27:07+00:00
 the worst misogyny i have personally experienced has been from left wing men mainly under the guise of pro palestine a ,1194033416,2024-12-05 13:27:05+00:00
bus been surrounded by left wing academics for a good pa of his now it wouldn t surprise me if luke genuinely was his first straight normal guy friend #fishtankdotlive #fishtanklive ,1.65142E+18,2024-12-05 13:27:03+00:00
 european voters are becoming increasingly vocal in rejecting mass immigration but some governments refuse to listen spai ,1.45271E+18,2024-12-05 13:27:02+00:00
 nah not left wing or right wing i don t give a shit about politics i just hate people that are twats and people like you tend to be exactly that,1.69373E+18,2024-12-05 13:26:52+00:00
 it is long past time the fascist fundamentalist left wing un was shut down and its terrorist sympathises rounded up and charged with aiding and abetting islamic terrorism,1.70911E+18,2024-12-05 13:26:49+00:00
 it s difficult to know if these teachers are stupid ill educated or indoctrinated by generations ,1.74096E+18,2024-12-05 13:26:48+00:00
 which left wing back should manchester united sign in ,827230652,2024-12-05 13:26:29+00:00
 i love that the conspicuous absence of right wing conspiracy theories the one which cannot be explained in any way othe ,1.79794E+18,2024-12-05 13:26:29+00:00
 groan murdoch does not own sky news it is owned by comcast a left leaning corporation which also owns msnbc the most left w ,1.85955E+18,2024-12-05 13:26:20+00:00
 the radical left is at it again same playbook they accuse anyone who says illegal votes are being counted of being a fa ,1674871062,2024-12-05 13:26:16+00:00
it s almost like left wing people in this country know that the far left are insane freaks that shouldn t be respected ,2546927305,2024-12-05 13:26:16+00:00
 another business owner off the rails every post is a hate screed checks every liberal left wing talking point google reviews smell like she may have two different menu prices for clients depending on how they look ,1.51891E+18,2024-12-05 13:26:04+00:00
 the snp budget might work inside the left wing holyrood bubble but it lets down scottish workers and businesses in th ,9.58425E+17,2024-12-05 13:25:54+00:00
 today in the chamber tells it as it is at #fmqs the snp s budget might be working for the left wing h ,579061862,2024-12-05 13:25:45+00:00
yet another left wing #insurrection rules for thee not for me no one is above the law except everyone that isn t involved #wrongthink amp also helps usher in the #nwo #elites plan to destroy #westerncivilization and create conditions so bad #citizens beg for #government ,1.52021E+18,2024-12-05 13:25:35+00:00
 the snp budget might work inside the left wing holyrood bubble but it lets down scottish workers and businesses in th ,624966550,2024-12-05 13:25:25+00:00
 that s been declared false by left wing fact checkers ,1.85493E+18,2024-12-05 13:25:20+00:00
 we live in such a bizarre time right wing american populists suppo russia a country that has sought the destruction ,2706772916,2024-12-05 13:25:15+00:00
 the left brings a successful censure motion but the president wants to appoint another right wing prime minister vive la fran ,2302464000,2024-12-05 13:25:15+00:00
 it s time for pbs to have to rely on donations to survive no more handouts from the taxpayers to be yet another left wing propaganda machine that does nothing but spread lies and hate ,1.85747E+18,2024-12-05 13:25:15+00:00
 how can a serious libearian believe in milei he is just a right wing establishment politician pretending to be a savior of ,1.39533E+18,2024-12-05 13:25:14+00:00
already happening msm is openly and hostility repoing unsubstantiated information against pete hegseth really raving up the left wing propaganda mcjine they will go after all of trump s picks ,1.56008E+18,2024-12-05 13:25:12+00:00
 fantastic video from these young farmers explaining the basic economics and mathematics of the inheritance tax law that ,1.02296E+18,2024-12-05 13:25:00+00:00
the left are bad because they are rude that s woh a show all by itself but the right wing being fascist endorsing genocide racism homophobia transphobia misogyny all being an explanation for what the left are being rude about nothing to talk about there just manners ,1.25048E+18,2024-12-05 13:24:53+00:00
 left wing back and midfield are the priority positions for manchester united in january if deals can be done #mufc ,827230652,2024-12-05 13:24:50+00:00
 everyone says you re wrong about that too especially left wing media it was all biden and his poor policies that paid off his cronies you should head over to blue sky your lies don t fly here ,1.0637E+18,2024-12-05 13:24:48+00:00
 european voters are becoming increasingly vocal in rejecting mass immigration but some governments refuse to listen spai ,301035238,2024-12-05 13:24:45+00:00
 you re kidding aren t you the left wing are constantly on question time ,1.76576E+18,2024-12-05 13:24:39+00:00
 this is bad taste considering the respect british people have the late alan rickman the ground hasn t eve ,370255960,2024-12-05 13:24:31+00:00
 ah yes the australian football league the massive national tax exempt capitalist machine where the c level employees e ,237937024,2024-12-05 13:24:08+00:00
 rb leipzig s david raum is another player manchester united have on their sholist for the left wing back position he is c ,827230652,2024-12-05 13:24:06+00:00
 there are times in life and politics when words are not enough says spanish jorge pueyo jorge is deputy spokesperson ,7.47854E+17,2024-12-05 13:24:01+00:00
 yea right great idea even the democrats is tired of the left wing crap,396689315,2024-12-05 13:23:49+00:00
i know people like h s n p k r bc he s left wing and debates losers but i simply cannot trust anyone who makes their living being a socialist content creator ,15213604,2024-12-05 13:23:49+00:00
 the sober discussion of immigration has been frustrated by the characteristically left wing assumption that anyone who ,1.73346E+18,2024-12-05 13:23:46+00:00
 both these women are a menace to families and the united states sotomayor hates white men jackson is a left wing advoca ,1.60103E+18,2024-12-05 13:23:37+00:00
 school board and left wing activist falsely claiming to be a teacher in the classrooms ,1.79036E+18,2024-12-05 13:23:37+00:00
 we wouldn t have the liberal left wing child mutilation sanctuary cities big pharma a secure border communism judaism in the us government etc etc if ah had won sooo,1.71225E+18,2024-12-05 13:23:36+00:00
 we live in such a bizarre time right wing american populists suppo russia a country that has sought the destruction ,1.49938E+18,2024-12-05 13:23:31+00:00
 that wouldn t work it would have to be any rally larger than the left wing opposition rally or something like that i m sure it made more sense when the make believe tour guide in nuremberg said it ,1.28595E+18,2024-12-05 13:23:26+00:00
 i was told europe was more left wing than the us this can t be true,1.29754E+18,2024-12-05 13:23:26+00:00
suzanne scott ceo fox news why have we not heard from her regarding pete hegseth most employers would happily stand with their employees oh wait she is a left wing nut isn t she getting rich from her right wing audience ,1.5198E+18,2024-12-05 13:23:21+00:00
 why are all these left wing nut jobs on tik tok ,1289266291,2024-12-05 13:23:17+00:00
 we live in such a bizarre time right wing american populists suppo russia a country that has sought the destruction ,1.11924E+18,2024-12-05 13:23:02+00:00
 again not always so a decade ago they were honest to god bernie bro democratic socialists and unlike the young turks or other people i don t think that they were bought out and made by their sponsors to be less left wing i think they just got sold on patsoc brainrot,1.83579E+18,2024-12-05 13:22:59+00:00
 right wing needs to learn the a of subtlety and propaganda left has made no direct movie on but they have infused ,1.25776E+18,2024-12-05 13:22:54+00:00
 the snp budget might work inside the left wing holyrood bubble but it lets down scottish workers and businesses in th ,579061862,2024-12-05 13:22:54+00:00
 we live in such a bizarre time right wing american populists suppo russia a country that has sought the destruction ,1.86185E+18,2024-12-05 13:22:54+00:00
 she must be a political analyst nah nevermind she s for the streets left wing loon ,1.74657E+18,2024-12-05 13:22:47+00:00
 we live in such a bizarre time right wing american populists suppo russia a country that has sought the destruction ,1.49268E+18,2024-12-05 13:22:45+00:00
 your an ignorant hitbag your stupidity gives the left wing ammo,1.30598E+18,2024-12-05 13:22:44+00:00
 how they allow this man to pardon anyone is beyond insane he was declared unfit to stand trial yet allow him to pardon people he s a disgrace like the entire left wing has been for years now ,1.53247E+18,2024-12-05 13:22:42+00:00
 how is boden bidding hire than tremp on the sol chain is solana a bunch of left wing cucks tremp to m now ,1685892284,2024-12-05 13:22:41+00:00
 are you slow it s nothing about left right wing it s about people wanting the actors who play characters they know and love to actually look like the characters they know and love characters that have descriptions snape was a pale greasy incel not a good looking black guy ,1.61839E+18,2024-12-05 13:22:40+00:00
biden admin s revolving door with left wing green groups continues as environmental official lands cushy gig with anti fossil fuel radicals #climatescam ,15711730,2024-12-05 13:22:21+00:00
 groan murdoch does not own sky news it is owned by comcast a left leaning corporation which also owns msnbc the most left w ,533011459,2024-12-05 13:22:21+00:00
 we live in such a bizarre time right wing american populists suppo russia a country that has sought the destruction ,1.25625E+18,2024-12-05 13:22:13+00:00
 you re left wing ,1.29902E+18,2024-12-05 13:22:08+00:00
 #dalitli ,1.69536E+18,2024-12-05 13:42:03+00:00
right wing x is acting like a bunch of fags right now over this unitedhealth ceo getting dommed by the complaints depament i absolutely wish violence on the wicked he got what he fucking deserved ,1.71996E+18,2024-12-05 13:42:02+00:00
 phenomenal first half performance by noussair mazraoui locking the right wing for arsenal #mufc ,3079625772,2024-12-05 13:41:59+00:00
 i ve had it as a local #wnc resident i finally get it for the first time in my life i ve seen the media and my ow ,1.28309E+18,2024-12-05 13:41:58+00:00
 i ve had it as a local #wnc resident i finally get it for the first time in my life i ve seen the media and my ow ,1.67922E+18,2024-12-05 13:41:58+00:00
 i ve had it as a local #wnc resident i finally get it for the first time in my life i ve seen the media and my ow ,143682932,2024-12-05 13:41:55+00:00
 i invite you to watch a pbs newscast it s left wing insanity disconnected to the real world they re still telling viewers that trump is a fascist dictator with plans to destroy the country they have the right to speak how they want of course but not with taxpayer money ,1.62381E+18,2024-12-05 13:41:55+00:00
 i ve had it as a local #wnc resident i finally get it for the first time in my life i ve seen the media and my ow ,1.39674E+18,2024-12-05 13:41:54+00:00
 i ve had it as a local #wnc resident i finally get it for the first time in my life i ve seen the media and my ow ,9.12741E+17,2024-12-05 13:41:54+00:00
 breaking the people of ireland are planning to go on a hour national strike to protest the results of ireland s rigged g ,1.45134E+18,2024-12-05 13:41:53+00:00
 i ve had it as a local #wnc resident i finally get it for the first time in my life i ve seen the media and my ow ,1.68285E+18,2024-12-05 13:41:50+00:00
 i ve had it as a local #wnc resident i finally get it for the first time in my life i ve seen the media and my ow ,1.69192E+18,2024-12-05 13:41:49+00:00
 this is one of the few issues that people on the left and right can agree on the policies by right wing politicians are in favour of death by healthcare but the voters disagree ,271126948,2024-12-05 13:41:47+00:00
 just wait till you hear about some of the right wing organizations never mentioned in any media leftists would be wise to stay home,1.59072E+18,2024-12-05 13:41:45+00:00
 i ve had it as a local #wnc resident i finally get it for the first time in my life i ve seen the media and my ow ,920065753,2024-12-05 13:41:45+00:00
 i ve had it as a local #wnc resident i finally get it for the first time in my life i ve seen the media and my ow ,1.79663E+18,2024-12-05 13:41:43+00:00
 as my colleague notes the race they thems finally crushed the class guys in left wing politics and th ,1.53049E+18,2024-12-05 13:41:41+00:00
 i ve had it as a local #wnc resident i finally get it for the first time in my life i ve seen the media and my ow ,1.65552E+18,2024-12-05 13:41:41+00:00
 sorry about the pile on here femi so many think montgomery isn t right wing shows how far right they must be ,254780487,2024-12-05 13:41:39+00:00
 i ve had it as a local #wnc resident i finally get it for the first time in my life i ve seen the media and my ow ,1.83609E+18,2024-12-05 13:41:37+00:00
 two billionaire tax absent right wing media barons one a us citizen the other a non dom own almost of the weekly ne ,68294147,2024-12-05 13:41:37+00:00
 a reminder to right wing fuckwits not to drag us into your stupid culture wars ,1134110076,2024-12-05 13:41:36+00:00
 i ve had it as a local #wnc resident i finally get it for the first time in my life i ve seen the media and my ow ,1.21979E+18,2024-12-05 13:41:34+00:00
 good morning you wonderful maga deplorable far right wing garbage conspiracy theorist we are taking our country back ,1.83386E+18,2024-12-05 13:41:31+00:00
 i ve had it as a local #wnc resident i finally get it for the first time in my life i ve seen the media and my ow ,32846091,2024-12-05 13:41:30+00:00
 senses of humour are highly individualistic things your interpretation is your own but my experience is that satirical targets are frequently misunderstood people thinking johnny speight was a right wing racist for creating alf garnett was a case in point,7.48883E+17,2024-12-05 13:41:29+00:00
 i ve had it as a local #wnc resident i finally get it for the first time in my life i ve seen the media and my ow ,1.41762E+18,2024-12-05 13:41:25+00:00
 i ve had it as a local #wnc resident i finally get it for the first time in my life i ve seen the media and my ow ,1055536236,2024-12-05 13:41:23+00:00
 i ve had it as a local #wnc resident i finally get it for the first time in my life i ve seen the media and my ow ,1.51494E+18,2024-12-05 13:41:16+00:00
 i agree gun control won t do much if these right wing crazies pulling this type of stuff regardless smh first the trump shooter and now this guy ,1.85152E+18,2024-12-05 13:41:13+00:00
 i would argue liberals made it wohless first by subveing its og meaning to being a new version of pc language policing as soon as that pivot was made it was easy pickings for right wing influencers,2880306815,2024-12-05 13:41:04+00:00
 i ve had it as a local #wnc resident i finally get it for the first time in my life i ve seen the media and my ow ,1.84158E+18,2024-12-05 13:41:04+00:00
 i ve had it as a local #wnc resident i finally get it for the first time in my life i ve seen the media and my ow ,1.58582E+18,2024-12-05 13:41:00+00:00
 and yet the msm will have you believe are right wing misogynistic abusers funny how their celebrating the best outcome for the child maybe the msm and feminists have been lying to us ,1.46527E+18,2024-12-05 13:40:59+00:00
 not suppoing murder is a right wing shill now and yall wonder why you lost ,1.57842E+18,2024-12-05 13:40:57+00:00
 i ve had it as a local #wnc resident i finally get it for the first time in my life i ve seen the media and my ow ,1.63094E+18,2024-12-05 13:40:57+00:00
 two billionaire tax absent right wing media barons one a us citizen the other a non dom own almost of the weekly ne ,2228392939,2024-12-05 13:40:56+00:00
 there were some complaints on social media from people of a right wing persuasion at the prospect of me purchasing the obs ,1.13153E+18,2024-12-05 13:40:54+00:00
 rich foreign based right wing owners have controlled british news for too long ,611703840,2024-12-05 13:40:53+00:00
 i ve had it as a local #wnc resident i finally get it for the first time in my life i ve seen the media and my ow ,1.86371E+18,2024-12-05 13:40:52+00:00
 two shades of right wing thugs ,3243239458,2024-12-05 13:40:50+00:00
 i ve had it as a local #wnc resident i finally get it for the first time in my life i ve seen the media and my ow ,1.6416E+18,2024-12-05 13:40:46+00:00
 watch reform split the right wing vote and gift labour another term in power ,42527025,2024-12-05 13:40:45+00:00
 i ve had it as a local #wnc resident i finally get it for the first time in my life i ve seen the media and my ow ,1.70966E+18,2024-12-05 13:40:44+00:00
 i have noticed this too but from wikipedia they will describe ceain congress members and political pundits as far right but will never label anyone as far left even those who are as left wing as they come it is a tactic these people use to try to only label one side ,1.75205E+18,2024-12-05 13:40:41+00:00
 i ve had it as a local #wnc resident i finally get it for the first time in my life i ve seen the media and my ow ,1928917153,2024-12-05 13:40:38+00:00
 two shades of right wing thugs ,1.6222E+18,2024-12-05 13:40:37+00:00
 i ve had it as a local #wnc resident i finally get it for the first time in my life i ve seen the media and my ow ,1.51899E+18,2024-12-05 13:40:37+00:00
 two billionaire tax absent right wing media barons one a us citizen the other a non dom own almost of the weekly ne ,3013162587,2024-12-05 13:40:37+00:00
 i ve had it as a local #wnc resident i finally get it for the first time in my life i ve seen the media and my ow ,1.68658E+18,2024-12-05 13:40:35+00:00
 two billionaire tax absent right wing media barons one a us citizen the other a non dom own almost of the weekly ne ,1.13153E+18,2024-12-05 13:40:33+00:00
 the special forces were at the nec before the maial law was even declared apparently they ,3346509473,2024-12-05 13:40:32+00:00
 i commented this on the original post but charles haywood is a right wing guy and a radical one he d love it if murderworld targeted aoc he wants that really bad ,1.78138E+18,2024-12-05 13:40:32+00:00
 i ve had it as a local #wnc resident i finally get it for the first time in my life i ve seen the media and my ow ,1.51948E+18,2024-12-05 13:40:31+00:00
 you pay month to an oligarch to sit in a right wing echo chamber and mald about politics all day you voted for a convicted felon and child rapist you re human garbage and deserve nothing i hope this helps ,1.39038E+18,2024-12-05 13:40:29+00:00
 i ve had it as a local #wnc resident i finally get it for the first time in my life i ve seen the media and my ow ,1.62444E+18,2024-12-05 13:40:23+00:00
 you don t believe it until it happens to you no many of us did and tried to warn you but you called it right wing crazy talk i feel like an idiot for blindly believing them this whole time well you are an idiot ,1.71151E+18,2024-12-05 13:40:23+00:00
 i ve had it as a local #wnc resident i finally get it for the first time in my life i ve seen the media and my ow ,1.82966E+18,2024-12-05 13:40:22+00:00
what the mainstream media calls the government is totally immaterial this government is very clearly not left of centre not by any means this is probably the most right wing government we ve ever had in the uk #keirstarmer s #labour ,97764463,2024-12-05 13:40:21+00:00
 two billionaire tax absent right wing media barons one a us citizen the other a non dom own almost of the weekly ne ,485195627,2024-12-05 13:40:21+00:00
 i ve had it as a local #wnc resident i finally get it for the first time in my life i ve seen the media and my ow ,1.42291E+18,2024-12-05 13:40:19+00:00
 sp k exposed mike benz where did this guy come from asks who explains how benz infiltrated th ,1.75191E+18,2024-12-05 13:40:18+00:00
 we live in such a bizarre time right wing american populists suppo russia a country that has sought the destruction ,1.26431E+18,2024-12-05 13:40:16+00:00
 two shades of right wing thugs ,75606347,2024-12-05 13:40:16+00:00
 i ve had it as a local #wnc resident i finally get it for the first time in my life i ve seen the media and my ow ,1.51907E+18,2024-12-05 13:40:15+00:00
 two shades of right wing thugs ,357267251,2024-12-05 13:40:14+00:00
 right wing needs to learn the a of subtlety and propaganda left has made no direct movie on but they have infused ,148438339,2024-12-05 13:40:13+00:00
 i ve had it as a local #wnc resident i finally get it for the first time in my life i ve seen the media and my ow ,2360061299,2024-12-05 13:40:12+00:00
 i ve had it as a local #wnc resident i finally get it for the first time in my life i ve seen the media and my ow ,1.58675E+18,2024-12-05 13:40:11+00:00
 c is a graduate level class not taught in schools idiots on the far right lied and pretended c was taught in grade school it has never been taught in grade school just the usual right wing media dishonesty ,285892802,2024-12-05 13:40:11+00:00
 it definitely became a right wing thing because the right insisted ,9.38104E+17,2024-12-05 13:40:09+00:00
 everyone has a take on why democrats are viewed as they are and imo it s not actually about anything dems have done or not ,194010918,2024-12-05 13:40:06+00:00
 i ve had it as a local #wnc resident i finally get it for the first time in my life i ve seen the media and my ow ,1.33432E+18,2024-12-05 13:40:03+00:00
 i ve had it as a local #wnc resident i finally get it for the first time in my life i ve seen the media and my ow ,1.59042E+18,2024-12-05 13:39:59+00:00
 i ve yet to find any gay people who say this besides one right wing one that gets paid ,1.4053E+18,2024-12-05 13:39:56+00:00
 i ve had it as a local #wnc resident i finally get it for the first time in my life i ve seen the media and my ow ,950659459,2024-12-05 13:39:55+00:00
 this guy doesn t know about the anime to right wing fascism pipeline ,1.4848E+18,2024-12-05 13:39:48+00:00
 i ve had it as a local #wnc resident i finally get it for the first time in my life i ve seen the media and my ow ,1.82308E+18,2024-12-05 13:39:46+00:00
 the right wing is being deradicalized we can t criticiz isra l or j ws we can t be pro whit or anti f minist what has ,1.521E+18,2024-12-05 13:39:45+00:00
 i ve had it as a local #wnc resident i finally get it for the first time in my life i ve seen the media and my ow ,1.80351E+18,2024-12-05 13:39:45+00:00
 i ve had it as a local #wnc resident i finally get it for the first time in my life i ve seen the media and my ow ,1.58755E+18,2024-12-05 13:39:45+00:00
 i m way more right wing than you but thanks for making completely unwarranted assumptions about other pe ,1.06136E+18,2024-12-05 13:39:45+00:00
 if only those white right wing muthaphuckas would show the same fervor for kommon sense gun laws like how they do with regulating a woman s vagina and transpeople maybe murika would be a little bit more safe,1.69407E+18,2024-12-05 13:39:39+00:00
 i ve had it as a local #wnc resident i finally get it for the first time in my life i ve seen the media and my ow ,1.69499E+18,2024-12-05 13:39:38+00:00
 spoiler oh he s like this right wing fascist lmao,8.10786E+17,2024-12-05 13:39:35+00:00
 it s not our place to call the livers scum over a situation that we don t know about because most of our info comes from right wing sausages like depressed nousagi falseeye and rima we can call them scum if we know they are a terrible person who don t want to change,1.65421E+18,2024-12-05 13:39:34+00:00
 imagine if you had listened to an anonymous right wing shitposter in ,1.7597E+18,2024-12-05 13:39:33+00:00
 i ve had it as a local #wnc resident i finally get it for the first time in my life i ve seen the media and my ow ,1.47551E+18,2024-12-05 13:39:31+00:00
 i ve had it as a local #wnc resident i finally get it for the first time in my life i ve seen the media and my ow ,3306173819,2024-12-05 13:39:28+00:00
 i ve had it as a local #wnc resident i finally get it for the first time in my life i ve seen the media and my ow ,38284810,2024-12-05 13:39:26+00:00
 i ve had it as a local #wnc resident i finally get it for the first time in my life i ve seen the media and my ow ,1.81577E+18,2024-12-05 13:39:25+00:00
 i ve had it as a local #wnc resident i finally get it for the first time in my life i ve seen the media and my ow ,1.85141E+18,2024-12-05 13:39:23+00:00
 wow yea who to believe a repo written by a non government affiliated human rights organization or a thread written by a terminally online right wing zionist i guess on the one hand you say amnesty is antisemitic but on the other hand that s laughably stupid,1413750590,2024-12-05 13:39:19+00:00
 being normal clean and tidy is left wing actually right wingers were always disgusting and dysgenic coming soon leftists are just a bunch of lowlives who don t have anything meaningful going on in their lives they just want to take your stuff and kill you nothing esoteric,1.85385E+18,2024-12-05 13:39:19+00:00
 trump s picks during his first administration were greedy right wing sycophants who wanted to ruin our government no ,2518213692,2024-12-05 13:39:18+00:00
 i ve had it as a local #wnc resident i finally get it for the first time in my life i ve seen the media and my ow ,1.74364E+18,2024-12-05 13:39:16+00:00
 there were some complaints on social media from people of a right wing persuasion at the prospect of me purchasing the obs ,886104097,2024-12-05 13:39:13+00:00
 i ve had it as a local #wnc resident i finally get it for the first time in my life i ve seen the media and my ow ,1.60173E+18,2024-12-05 13:39:10+00:00
 we live in such a bizarre time right wing american populists suppo russia a country that has sought the destruction ,1.47023E+18,2024-12-05 13:39:10+00:00
 radical left wing people forced her to send that initial email it is all the left s fault pete is the victim here am i doing this right ,1.48745E+18,2024-12-05 13:39:03+00:00
netumbo nandi ndaitwah may become namibia s first female president #newsinvasion #africa #namibia #presidentialelections #newpresident #firstfemalepresident #netumbonandindaitwah ,1.47543E+18,2024-12-01 14:51:46+00:00
bring it on #presidentialelections ,783002000,2024-11-27 16:34:40+00:00
 getting your voter id card just got simpler login to download your e epic #assemblyelecti ,1.02351E+18,2024-12-04 11:49:41+00:00
 it s going to be a very busy day tomorrow final rally before elections #elections #electioncommandcentre ,1.72749E+18,2024-12-04 11:49:21+00:00
staing lower finishing higher spx spy #spx #spx #sp ivv voo qqq #qqq ndx #ndx dia #dji #djia dji djia iwm iwn iwo iwb iwd iwf iwc iwv y #y #election #elections #electionresults #electionsresults #elections #electionday ,1.20995E+18,2024-12-04 11:45:56+00:00
 days to #elections dear my ga adangme kings amp queens remember they pulled down la general hospital and abandoned ,3187047363,2024-12-04 11:44:20+00:00
 bhai s his vote cast reaches polling booth in bandra mumbai #salmankhan #elections #electionday ,1.51931E+18,2024-12-04 11:41:03+00:00
 getting your voter id card just got simpler login to download your e epic #assemblyelecti ,1.11923E+18,2024-12-04 11:39:42+00:00
 voters ale your vote matters more than your gadgets #assemblyelections #eci #elections #voiceyourchoice ,1.11923E+18,2024-12-04 11:39:39+00:00
#ghanapolls #elections ,1.72567E+18,2024-12-04 11:39:32+00:00
 now that trump has won the election what s your bitcoin price prediction for the next months tag a friend and ,9.60946E+17,2024-12-04 11:36:54+00:00
 it s going to be a very busy day tomorrow final rally before elections #elections #electioncommandcentre ,2235976708,2024-12-04 11:36:50+00:00
 it s going to be a very busy day tomorrow final rally before elections #elections #electioncommandcentre ,1.33283E+18,2024-12-04 11:35:32+00:00
 it s going to be a very busy day tomorrow final rally before elections #elections #electioncommandcentre ,1.58697E+18,2024-12-04 11:35:00+00:00
 it s going to be a very busy day tomorrow final rally before elections #elections #electioncommandcentre ,1.07498E+18,2024-12-04 11:34:13+00:00
 it s going to be a very busy day tomorrow final rally before elections #elections #electioncommandcentre ,3319190695,2024-12-04 11:33:50+00:00
 ,1.40259E+18,2024-12-04 11:29:51+00:00
 #elections #ghanapolls #ghanadecides #peacefulghana #democracyinaction ,7.28917E+17,2024-12-04 11:29:36+00:00
 #elections #ghanapolls #ghanadecides #peacefulghana #democracyinaction ,8.49601E+17,2024-12-04 11:29:04+00:00
 it s going to be a very busy day tomorrow final rally before elections #elections #electioncommandcentre ,1.21646E+18,2024-12-04 11:28:19+00:00
 days to #elections dear my ga adangme kings amp queens remember they pulled down la general hospital and abandoned ,3289943310,2024-12-04 11:27:18+00:00
 it s going to be a very busy day tomorrow final rally before elections #elections #electioncommandcentre ,1.05143E+18,2024-12-04 11:26:44+00:00
manifesto for members in industry building tomorrow with the strength of today s industry leaders #icaileadership #icaiforprogress #icai elections #leadersoftomorrow #inspiringchange #icai #ca #ballotno #elections #industryleader ,8.98967E+17,2024-12-04 11:25:52+00:00
 it s going to be a very busy day tomorrow final rally before elections #elections #electioncommandcentre ,1.11797E+18,2024-12-04 11:24:26+00:00
 it s going to be a very busy day tomorrow final rally before elections #elections #electioncommandcentre ,1.86269E+18,2024-12-04 11:23:52+00:00
 it s going to be a very busy day tomorrow final rally before elections #elections #electioncommandcentre ,1.53257E+18,2024-12-04 11:23:10+00:00
 it s going to be a very busy day tomorrow final rally before elections #elections #electioncommandcentre ,3971483477,2024-12-04 11:22:29+00:00
 it s going to be a very busy day tomorrow final rally before elections #elections #electioncommandcentre ,1.14504E+18,2024-12-04 11:21:49+00:00
 it s going to be a very busy day tomorrow final rally before elections #elections #electioncommandcentre ,1.37633E+18,2024-12-04 11:20:27+00:00
dodik non existent pic and illegitimate schmidt in the bih parliamentary assembly building #politicstoday #politics #diplomacy #bosnia #breakingnews #sarajevo #china #brazil #incendio #iran #elections #ghlimite #europeanunion #germany more ,1.72852E+18,2024-12-04 11:20:19+00:00
 it s going to be a very busy day tomorrow final rally before elections #elections #electioncommandcentre ,1.27577E+18,2024-12-04 11:19:05+00:00
 days to #elections dear my ga adangme kings amp queens remember they pulled down la general hospital and abandoned ,9.18128E+17,2024-12-04 11:18:59+00:00
 it s going to be a very busy day tomorrow final rally before elections #elections #electioncommandcentre ,1.30995E+18,2024-12-04 11:17:29+00:00
 it s going to be a very busy day tomorrow final rally before elections #elections #electioncommandcentre ,713383213,2024-12-04 11:16:41+00:00
 ,1.71106E+18,2024-12-04 11:16:24+00:00
 it s going to be a very busy day tomorrow final rally before elections #elections #electioncommandcentre ,1.48072E+18,2024-12-04 11:16:06+00:00
 it s going to be a very busy day tomorrow final rally before elections #elections #electioncommandcentre ,1.62341E+18,2024-12-04 11:13:26+00:00
 it s going to be a very busy day tomorrow final rally before elections #elections #electioncommandcentre ,1.6046E+18,2024-12-04 11:12:43+00:00
 it s going to be a very busy day tomorrow final rally before elections #elections #electioncommandcentre ,9.52396E+17,2024-12-04 11:12:24+00:00
 it s going to be a very busy day tomorrow final rally before elections #elections #electioncommandcentre ,1.25091E+18,2024-12-04 11:11:10+00:00
 it s going to be a very busy day tomorrow final rally before elections #elections #electioncommandcentre ,1044697645,2024-12-04 11:10:58+00:00
 it s going to be a very busy day tomorrow final rally before elections #elections #electioncommandcentre ,3343022302,2024-12-04 11:10:08+00:00
 ,1.80056E+18,2024-12-04 11:09:44+00:00
 it s going to be a very busy day tomorrow final rally before elections #elections #electioncommandcentre ,1.62527E+18,2024-12-04 11:09:37+00:00
 it s going to be a very busy day tomorrow final rally before elections #elections #electioncommandcentre ,1.28826E+18,2024-12-04 11:08:29+00:00
 it s going to be a very busy day tomorrow final rally before elections #elections #electioncommandcentre ,1.56512E+18,2024-12-04 11:08:15+00:00
 it s going to be a very busy day tomorrow final rally before elections #elections #electioncommandcentre ,9.98131E+17,2024-12-04 11:07:19+00:00
 it s going to be a very busy day tomorrow final rally before elections #elections #electioncommandcentre ,1.54062E+18,2024-12-04 11:06:12+00:00
 this weekend let s choose peace let s choose ghana jp calls on all ghanaians to promote calm and unity during and a ,426006512,2024-12-04 11:06:05+00:00
 days to #elections dear my ga adangme kings amp queens remember they pulled down la general hospital and abandoned ,1.75023E+18,2024-12-04 11:05:01+00:00
 it s going to be a very busy day tomorrow final rally before elections #elections #electioncommandcentre ,1.56584E+18,2024-12-04 11:04:47+00:00
does anyone in the care at all what are you doing #elections ,1.79436E+18,2024-12-04 11:04:34+00:00
 days to #elections dear my ga adangme kings amp queens remember they pulled down la general hospital and abandoned ,235131793,2024-12-04 11:04:33+00:00
it s going to be a very busy day tomorrow final rally before elections #elections #electioncommandcentre ,1172032614,2024-12-04 11:04:04+00:00
 days to #elections dear my ga adangme kings amp queens remember they pulled down la general hospital and abandoned ,8.44649E+17,2024-12-04 11:03:08+00:00
 days to #elections dear my ga adangme kings amp queens remember they pulled down la general hospital and abandoned ,2744352183,2024-12-04 11:02:52+00:00
 days to #elections dear my ga adangme kings amp queens remember they pulled down la general hospital and abandoned ,1.45408E+18,2024-12-04 11:02:35+00:00
 days to #elections dear my ga adangme kings amp queens remember they pulled down la general hospital and abandoned ,8.71152E+17,2024-12-04 11:00:05+00:00
this weekend let s choose peace let s choose ghana jp calls on all ghanaians to promote calm and unity during and after the elections #peacefulghana #elections ,1.36027E+18,2024-12-04 10:59:39+00:00
 bhajanlal #rajasthanelection #nagarnigam ,1.51058E+18,2024-12-04 10:57:24+00:00
 days to #elections dear my ga adangme kings amp queens remember they pulled down la general hospital and abandoned ,3599708961,2024-12-04 10:56:18+00:00
 getting your voter id card just got simpler login to download your e epic #assemblyelecti ,1.66561E+18,2024-12-04 10:54:59+00:00
 in republican won #ca by votes but in #elections with counts still being ceified democra ,535043114,2024-12-04 10:54:23+00:00
 days to #elections dear my ga adangme kings amp queens remember they pulled down la general hospital and abandoned ,277052397,2024-12-04 10:52:37+00:00
 ,1.12107E+18,2024-12-04 10:46:13+00:00
 want to know how simple it is to download your e epic click now #ecisveep #elections #goregister #goverify #novot ,4848473616,2024-12-04 10:41:39+00:00
 ,8.12348E+17,2024-12-04 10:39:50+00:00
 days to #elections dear my ga adangme kings amp queens remember they pulled down la general hospital and abandoned ,1.19971E+18,2024-12-04 10:37:05+00:00
 days to #elections dear my ga adangme kings amp queens remember they pulled down la general hospital and abandoned ,1.37722E+18,2024-12-04 10:26:01+00:00
 days to #elections dear my ga adangme kings amp queens remember they pulled down la general hospital and abandoned ,848222222,2024-12-04 10:22:43+00:00
 days to #elections dear my ga adangme kings amp queens remember they pulled down la general hospital and abandoned ,7.4987E+17,2024-12-04 10:16:23+00:00
 days to #elections dear my ga adangme kings amp queens remember they pulled down la general hospital and abandoned ,1.03488E+18,2024-12-04 10:13:30+00:00
 this is a moment to remember yaxp ,1.8633E+18,2024-12-04 10:12:59+00:00
 days to #elections dear my ga adangme kings amp queens remember they pulled down la general hospital and abandoned ,220690628,2024-12-04 10:05:29+00:00
 days to #elections dear my ga adangme kings amp queens remember they pulled down la general hospital and abandoned ,572969716,2024-12-04 10:04:25+00:00
 ,1.50146E+18,2024-12-04 10:03:48+00:00
 days to #elections dear my ga adangme kings amp queens remember they pulled down la general hospital and abandoned ,1.79482E+18,2024-12-04 10:03:04+00:00
 days to #elections dear my ga adangme kings amp queens remember they pulled down la general hospital and abandoned ,1.15437E+18,2024-12-04 09:58:03+00:00
 days to #elections dear my ga adangme kings amp queens remember they pulled down la general hospital and abandoned ,705150813,2024-12-04 09:57:33+00:00
 days to #elections dear my ga adangme kings amp queens remember they pulled down la general hospital and abandoned ,234101579,2024-12-04 09:54:55+00:00
 days to #elections dear my ga adangme kings amp queens remember they pulled down la general hospital and abandoned ,521214833,2024-12-04 09:51:46+00:00
 days to #elections dear my ga adangme kings amp queens remember they pulled down la general hospital and abandoned ,724876520,2024-12-04 09:51:00+00:00
 le club de #handball de #carcassonne reconduit roger bousquet son poste de pr sident #elections via ,115086169,2024-12-04 09:47:53+00:00
 days to #elections dear my ga adangme kings amp queens remember they pulled down la general hospital and abandoned ,1.08116E+18,2024-12-04 09:46:46+00:00
 want to know how simple it is to download your e epic click now #ecisveep #elections #goregister #goverify #novot ,1.59873E+18,2024-12-04 09:44:40+00:00
 days to #elections dear my ga adangme kings amp queens remember they pulled down la general hospital and abandoned ,9.15713E+17,2024-12-04 09:44:17+00:00
 days to #elections dear my ga adangme kings amp queens remember they pulled down la general hospital and abandoned ,8.41333E+17,2024-12-04 09:40:59+00:00
 ,1.35511E+18,2024-12-04 09:34:41+00:00
 as a guest speaking on tippfm re election amp post election going forward #electionresults #generalelection #el ,1.5191E+18,2024-12-04 09:30:33+00:00
 ,297802825,2024-12-04 09:26:19+00:00
 ,1.31023E+18,2024-12-04 09:25:23+00:00
 goganovi kalabukhov #politicstoday #politics #diplomacy #bosnia #breakingnews #sarajevo #china #brazil #incendio #iran #elections #europe #rusia # #europeanunion #germany more ,1.72852E+18,2024-12-04 09:25:22+00:00
the gates did not lift up their heads prophetic discuss #elections ,84111747,2024-12-04 09:24:28+00:00
 #elections ,107709667,2024-12-04 09:22:18+00:00
from student times upsa violence won t fix broken promises raise your voice for peace not for arguments choose peace #elections #peace #weloveupsa #studenttimesinc ,1.62195E+18,2024-12-04 09:19:56+00:00
 days to #elections dear my ga adangme kings amp queens remember they pulled down la general hospital and abandoned ,1.69771E+18,2024-12-04 09:19:27+00:00
 days to #elections dear my ga adangme kings amp queens remember they pulled down la general hospital and abandoned ,1.26531E+18,2024-12-04 09:12:35+00:00
 days to #elections dear my ga adangme kings amp queens remember they pulled down la general hospital and abandoned ,1.00467E+18,2024-12-04 09:06:13+00:00
 bhajanlal #rajasthanelection #nagarnigam #municipalelectionsindia #bhajanlalsharmacm #nagarnigamchunav #elections #rajasthannews ,1.60546E+18,2024-12-04 09:05:35+00:00
 white women vote for tr mp and treat us black thugs like this the next month black men have proven we don t need pol ,1.46776E+18,2024-12-04 09:03:23+00:00
 getting your voter id card just got simpler login to download your e epic #assemblyelecti ,1.64142E+18,2024-12-04 09:01:32+00:00
 days to #elections dear my ga adangme kings amp queens remember they pulled down la general hospital and abandoned ,237704796,2024-12-04 09:00:24+00:00
 tomorrow s marks weeks from election day and california is still counting as nancy pelosi s daughter is curing ball ,1.60083E+18,2024-11-25 21:31:36+00:00
 friday s election isn t about which politicians you like it s about whether ireland as we know it will survive eithe ,1.44672E+18,2024-11-25 21:31:36+00:00
 this is why louis de joy should have been replaced democrats never learn republicans will cheat at every turn multipl ,2484582912,2024-11-25 21:31:36+00:00
 election struggling to find a job after years of searching change is here alan kyerematen is guaranteei ,1.82218E+18,2024-11-25 21:31:36+00:00
 elon musk fires off warning shot at diy senate rinos whoever thwas the will of the people will lose either their p ,1510708483,2024-11-25 21:31:36+00:00
 will the petition calling for a general election be debated in parliament ,1.66281E+18,2024-11-25 21:31:36+00:00
 if you have had enough or been let down by this governments and sir kiers lies or know a pensioner struggling to keep war ,1.80446E+18,2024-11-25 21:31:36+00:00
 breaking legendary british actor sir michael kane just shared the petition to call a new general election on his x account ,466667736,2024-11-25 21:31:36+00:00
 no one is above the law in our country unless you happen to be a twice impeached adjudicated rapist business fraud fe ,151539920,2024-11-25 21:31:36+00:00
 the idea that democrats actually wanted a closed border was the biggest dumbest lie of the election ,222888772,2024-11-25 21:31:36+00:00
 breaking news the peoples petition demanding another general election is now just shy of million please share amp ,353210836,2024-11-25 21:31:36+00:00
 pdp acting chairman damagum writes inec demands bye election to replace rivers lawmakers who defected to apc sah ,1356697879,2024-11-25 21:31:36+00:00
 mick lynch hi network rail my members are giving up their pay to take strike action next week because nigel in clacton sha ,1.22075E+18,2024-11-25 21:31:36+00:00
 breaking the petition calling for a general election has now achieved of labour s entire vote share from july in ,1.543E+18,2024-11-25 21:31:36+00:00
 suppo me by subscribing donating federal polling cpc lpc ndp bq gpc ,1.58141E+18,2024-11-25 21:31:36+00:00
 the call a general election petition has broken the million signature barrier well done everyone ,572703773,2024-11-25 21:31:36+00:00
 this is why he must deliver some picks ain t looking good but maybe the d chess is beyond me one thing i can say is that if he does not deliver depoation federal election reform and substantial reduction of the administrative state he ll be fed to it ,1.64875E+18,2024-11-25 21:31:35+00:00
 wrong the case was dropped because he won the election not because a crime wasn t committed ,32730442,2024-11-25 21:31:35+00:00
 folks quite often petitions lose momentum my account amp its many followers have got behind this petition amp helped keep i ,2983155111,2024-11-25 21:31:35+00:00
 all we ask from the international community is not to suppo and strengthen a regime that forged an election disappears our ,1.64861E+18,2024-11-25 21:31:35+00:00
 breaking legendary british actor sir michael kane just shared the petition to call a new general election on his x account ,400259548,2024-11-25 21:31:35+00:00
 this sorry pos is stephen richer he s maricopa county recorder arizona involved in the subversion of the elec ,7.99028E+17,2024-11-25 21:31:35+00:00
 isabel oakeshott says a petition calling for a general election that has almost hit million signatures is a damning indict ,1.84191E+18,2024-11-25 21:31:35+00:00
 this afternoon jack smith has dismissed the trump election interference case trump classified documents case this ,1.85274E+18,2024-11-25 21:31:35+00:00
 one of the most amusing aspects to the call a general election petition amplification is how ceain commentators are co ,1.64461E+18,2024-11-25 21:31:35+00:00
 socialists warned everyone about keir starmer before the general election listen to us next time ,68766856,2024-11-25 21:31:35+00:00
 gb news have repoed that the calling for a general election petition has reached over million signatures elon mus ,1.30765E+18,2024-11-25 21:31:35+00:00
 just in petition calling for an immediate general election in the uk surpasses signatures within hours htt ,3045245812,2024-11-25 21:31:35+00:00
 based ukraine is none of our business we should worry only about the romania c lin georgescu the lead candidate ,4211891843,2024-11-25 21:31:35+00:00
 california election integrity two updates as vote counting in california continues the rnc and have bee ,1.38854E+18,2024-11-25 21:31:35+00:00
 far right candidate takes shock lead in romania presidential election ,1536973525,2024-11-25 21:31:35+00:00
 how to steal an election time,318551071,2024-11-25 21:31:35+00:00
 keir starmer will win the next uk general election ,163381770,2024-11-25 21:31:35+00:00
 victory jack smith filed a motion to drop charges against president trump let s be clear these charge originated bec ,49346997,2024-11-25 21:31:35+00:00
 m people didn t vote for labour at the election and you re getting excited about m of them signing a pointless petition ,130436577,2024-11-25 21:31:34+00:00
 deranged tiktoker admits she lost her mind over the election results and would run over a guy for wearing a trump shi ,1.58829E+18,2024-11-25 21:31:34+00:00
 breaking a cou just sided with my team yet again ruling missouri s voter id law will remain intact we went to c ,1.55683E+18,2024-11-25 21:31:34+00:00
great statement this election was a big eye opener for most ,1.27483E+18,2024-11-25 21:31:34+00:00
 breaking a cou just sided with my team yet again ruling missouri s voter id law will remain intact we went to c ,1.77373E+18,2024-11-25 21:31:34+00:00
 should these be arrested for election interference ,1.52221E+18,2024-11-25 21:31:34+00:00
 hello for how long will you keep quiet and watch people slander the election commission of india without a sh ,8.95165E+17,2024-11-25 21:31:34+00:00
 petition call a general election ,1.81403E+18,2024-11-25 21:31:33+00:00
 if keir starmer had said before the election that he would remove the winter fuel allowance from millions of pensioners ,48053602,2024-11-25 21:31:33+00:00
 detroit michigan presidential election voting history spoiler kamala was a disaster ,390448349,2024-11-25 21:31:33+00:00
 suppo me by subscribing donating federal polling cpc lpc ndp bq gpc ,1.10229E+18,2024-11-25 21:31:33+00:00
 jack smith and his office must face severe legal political and financial consequences for their blatant lawfare and election ,1.47811E+18,2024-11-25 21:31:33+00:00
 republicans spent three years saying twitter being mean to donald trump cost him the election by limiting one story for a ,164180220,2024-11-25 21:31:33+00:00
 california election integrity two updates as vote counting in california continues the rnc and have bee ,1.65626E+18,2024-11-25 21:31:33+00:00
 call a general election petitions ,2725047555,2024-11-25 21:31:33+00:00
rachel reeves during the election ,1.43812E+18,2024-11-25 21:31:33+00:00
 wouldn t it be glorious if more people signed this petition than voted for the student union communists who are destroying ou ,1.32242E+18,2024-11-25 21:31:32+00:00
he played a decisive role as chief creative director for prime minister benjamin netanyahu across multiple election campaigns today einhorn advises heads of state across europe the middle east and africa involved in six election campaigns in key countries ,479930007,2024-11-25 21:31:32+00:00
 yes i m disappointed in merrick garland jack smith amp scotus but mostly i m disappointed in the million americans w ,61388451,2024-11-25 21:31:32+00:00
 confirming what was obvious all along this prosecution was nothing more than election interference to keep trump off the ,1548851929,2024-11-25 21:31:32+00:00
 we re left with exactly days to the general election stay glued to the #electionnervecentre on #asaaseradio as ,1.47117E+18,2024-11-25 21:31:32+00:00
 so republicans now that it s clear to you that he lied to you about not knowing anything about project have you ,3827517556,2024-11-25 21:31:32+00:00
california house district election live results count the damn votes it should not take this long are you waiting on the fema trucks to get there with the illegal votes ,2778604257,2024-11-25 21:31:32+00:00
 derek blighe has one of the best chances of getting elected in the upcoming irish election on friday he s a working man fr ,1.85345E+18,2024-11-25 21:31:32+00:00
 ban mail in voting make election day a national holiday so everyone can physically go to polls proof of citize ,1.85445E+18,2024-11-25 21:31:32+00:00
 breaking the petition calling for a general election has now achieved of labour s entire vote share from july in ,9.46343E+17,2024-11-25 21:31:32+00:00
 new alaska gop has hired harmeet dhillon to recount and review the statewide election results for their ranked choice voti ,467516443,2024-11-25 21:31:32+00:00
 after two months straight of demanding the corrupt liberals turn over all the green slush fund documents to the rcmp ,3788262254,2024-11-25 21:31:31+00:00
 all we ask from the international community is not to suppo and strengthen a regime that forged an election disappears our ,1.51343E+18,2024-11-25 21:31:31+00:00
 these threats shouldn t be taken lightly a daughter murdered her father over not turning off the lights on election day ,1.14694E+18,2024-11-25 21:31:31+00:00
 breaking petition calling for an immediate general election has just hit signatures in less than hours ,1.72178E+18,2024-11-25 21:31:31+00:00
 lol interesting maybe you re right we can t let trump cheat in the future we must demand one day voting paper ballots hand counted in person with voter id national holiday for election day military oversees all elections stop trump from cheating in the future,1.69439E+18,2024-11-25 21:31:31+00:00
 should president trump revoke the security clearance of the intelligence officials who signed off on the hunter biden ,1.81257E+18,2024-11-25 21:31:31+00:00
 cassidy s vote to impeach trump could imperil his reelection ,1.04472E+18,2024-11-25 21:31:31+00:00
 c lin georgescu just pulled off a shock win in romania s presidential election oligarch pedophiies run the un ,1.1086E+18,2024-11-25 21:31:31+00:00
 pennsylvania news after the election democrats had an advantage of voter registrations today that lead has b ,1.21728E+18,2024-11-25 21:31:31+00:00
 breaking the petition calling for a general election has now achieved of labour s entire vote share from july in ,102128926,2024-11-25 21:31:31+00:00
 new alaska gop has hired harmeet dhillon to recount and review the statewide election results for their ranked choice voti ,1.72848E+18,2024-11-25 21:31:31+00:00
 questioning the results of an election is not trying to oveurn an election ,900402512,2024-11-25 21:31:31+00:00
 i dunno seems like this should have been a conversation before the election ,1.17195E+18,2024-11-25 21:31:31+00:00
 wrong the case was dropped because he won the election not because a crime wasn t committed ,1.05437E+18,2024-11-25 21:31:31+00:00
 how this election was rigged million mail in ballots are unaccounted for elector officials need to take un recei ,3395460933,2024-11-25 21:31:31+00:00
 petition call a general election ,1.81403E+18,2024-11-25 21:31:30+00:00
 watch arizona s illegal election is being ceified by an illegitimate governor attorney general amp secretary of ,1.10809E+18,2024-11-25 21:31:30+00:00
 labour are not going down well with the public ceo of electoral calculus main baxter reacts as just under two million b ,4244436135,2024-11-25 21:31:30+00:00
 here is the reality trump has to work with the congress that we just reelected the very same congress that knew they sto ,1.58586E+18,2024-11-25 21:31:30+00:00
 new elon musk has spoken out about the general election petition declaring the people of britain have had enough ,1.86107E+18,2024-11-25 21:31:30+00:00
 a florida dentist pleaded guilty today to sending threats to three victims in and and to an election official in ,20253396,2024-11-25 21:31:30+00:00
 elon to senate rinos defy the people face electoral oblivion elon whoever thwas the will of the people will lose ,1.70304E+18,2024-11-25 21:31:30+00:00
 breaking the petition calling for a general election has now achieved of labour s entire vote share from july in ,1.69713E+18,2024-11-25 21:31:29+00:00
 roderic o gorman is anti irish let s give him the boot in the irish general election ,394294425,2024-11-25 21:31:29+00:00
 if donald j trump had lost an election he may very well have spent the rest of his life in prison these prosecutions were ,1.01052E+18,2024-11-25 21:31:29+00:00
 pretty crazy someone can be charged federally with interfering in an election and those charges get dropped because th ,9285512,2024-11-25 21:31:29+00:00
 would you like to see trump s doj investigate california s election system ,1.46252E+18,2024-11-25 21:31:29+00:00
 if donald j trump had lost an election he may very well have spent the rest of his life in prison these prosecutions were ,1.43637E+18,2024-11-25 21:31:29+00:00
 democracy is dead we had one chance and we blew it special counsel jack smith asked u s district judge tanya chu ,2271151776,2024-11-25 21:31:29+00:00
 thanks for raising public awareness of the petition to call a general election and for keeping it trending here is a link for your followers to add their signatures ,1.81638E+18,2024-11-25 21:31:29+00:00
 yes i m disappointed in merrick garland jack smith amp scotus but mostly i m disappointed in the million americans w ,3406991884,2024-11-25 21:31:29+00:00
 while i agree with the sentiment that there are as many or even more lies on social media it s insane to act like they re somehow above that what hard work did msnbc do when they said the election was very close what hard work did they do trashing evs and tesla for a decade ,4567590267,2024-11-25 21:31:29+00:00
 teacher says educators had emotional breakdowns and cried at school after the election because trump won and claims trum ,1.70721E+18,2024-11-25 21:31:29+00:00
 c lin georgescu winner of the first round of the romanian presidential election and possibly future president of romania ,1.75068E+18,2024-11-25 21:31:29+00:00
 we demand our voices be heard if choose to ignore the petition for a general election then we call on his majesty the ,1.44511E+18,2024-11-25 21:31:29+00:00
 trump is getting away with trying to steal the last presidential election because he won this one this is a dark day fo ,3573191833,2024-11-25 21:31:29+00:00
 les roumains ont cri tr s fo pour la paix contre l ue et contre le soutien zelensky l lection de trump suscite u ,1.41378E+18,2024-11-25 21:31:28+00:00
 jack smith and his office must face severe legal political and financial consequences for their blatant lawfare and election ,1.51893E+18,2024-11-25 21:31:28+00:00
 breaking the petition calling for a general election has now achieved of labour s entire vote share from july in ,1.65896E+18,2024-11-25 21:31:28+00:00
 pete buttigieg is one of the front runner candidates for the democratic pay s presidential election what are y ,1.12684E+18,2024-11-25 21:31:28+00:00
 petition call a general election ,1.81403E+18,2024-11-25 21:31:28+00:00
 the american people approve of the trump transition so far plus the election results are a mandate for political peac ,1.59775E+18,2024-11-25 21:31:28+00:00
 breaking jack smith has filed to dismiss his bogus j indictment against president trump fani willis jack smith an ,1.51911E+18,2024-11-25 21:31:28+00:00
 fani willis set to push ahead with georgia charges against trump fani willis won her election w ,9.01485E+17,2024-11-25 21:31:28+00:00
 jimmy kimmel says he is leaving the country because trump won the election i just want to let him know that if he needs ,2769048557,2024-11-25 21:31:27+00:00
 new uk and france could send troops to ukraine amid the possibility of a us disengagement from kyiv following the election of ,7.95706E+17,2024-11-25 21:31:27+00:00
 breaking jack smith has filed to dismiss his bogus j indictment against president trump fani willis jack smith an ,1.52221E+18,2024-11-25 21:31:27+00:00
 sir keir starmer has ruled out an early general election after a petition calling for a second vote reached two million ,3045409432,2024-11-25 21:31:27+00:00
 in honour of sir michael caine signing the petition for another general election i wanted to post one of my favourite ever ,1.59745E+18,2024-11-25 21:31:27+00:00
 all we ask from the international community is not to suppo and strengthen a regime that forged an election disappears our ,1.48211E+18,2024-11-25 21:31:27+00:00
 deranged tiktoker admits she lost her mind over the election results and would run over a guy for wearing a trump shi ,1.63831E+18,2024-11-25 21:31:27+00:00
 jack smith and his office must face severe legal political and financial consequences for their blatant lawfare and election ,1.51147E+18,2024-11-25 21:31:27+00:00
 breaking a cou just sided with my team yet again ruling missouri s voter id law will remain intact we went to c ,1.62595E+18,2024-11-25 21:31:27+00:00
 while i don t think the petition will result in a general election i hope it will result in ,1.53133E+18,2024-11-25 21:31:27+00:00
 labour are not going down well with the public ceo of electoral calculus main baxter reacts as just under two million b ,1.03996E+18,2024-11-25 21:31:27+00:00
 breaking jack smith has filed to dismiss his bogus j indictment against president trump fani willis jack smith an ,1.66322E+18,2024-11-25 21:31:26+00:00
 this is a mess he either committed crimes that deserve prosecution or he didn t this sends a terrible signal about how the ,430222021,2024-11-25 21:31:26+00:00
 this afternoon jack smith has dismissed the trump election interference case trump classified documents case this ,1.62614E+18,2024-11-25 21:31:26+00:00
 michael westwood creator of a viral online petition calling for another general election says it shows brits don t think kei ,1.22149E+18,2024-11-25 21:31:26+00:00
 california election integrity two updates as vote counting in california continues the rnc and have bee ,1.6531E+18,2024-11-25 21:31:26+00:00
 special election for mike waltz s seat also set for april #fl ,1497120283,2024-11-25 21:31:26+00:00
 women get it elena lasconi one of candidates in the romanian presidential election other one is pro russian said ,273093247,2024-11-25 21:31:26+00:00
 yes let s sta by investigating fani willis jack smith and alvin bragg for election interference let s complete a forensic audit of the elections in california michigan wisconsin nevada and arizona let s request e jean carroll to attend a cou in a republican ,1.8123E+18,2024-11-25 21:31:26+00:00
 breaking news the people s petition now gt smashes through barrier in just days folks please gt keep this goin ,1.46848E+18,2024-11-25 21:31:26+00:00
 whoever thwas the will of the people will lose either their primary or the mid term election itself the people have made ,1454489462,2024-11-25 21:31:25+00:00
 i m not really an angry person but i believe that there is so much evidence to show that donald trump had help during th ,2266556515,2024-11-25 21:31:25+00:00
 call a general election petitions ,112276654,2024-11-25 21:31:25+00:00
 if donald j trump had lost an election he may very well have spent the rest of his life in prison these prosecutions were ,932614440,2024-11-25 21:31:25+00:00
 deranged tiktoker admits she lost her mind over the election results and would run over a guy for wearing a trump shi ,301014807,2024-11-25 21:31:25+00:00
 california election integrity two updates as vote counting in california continues the rnc and have bee ,1.48858E+18,2024-11-25 21:31:25+00:00
 michael westwood creator of a viral online petition calling for another general election says it shows brits don t think kei ,222464564,2024-11-25 21:31:25+00:00
 breaking legendary british actor sir michael kane just shared the petition to call a new general election on his x account ,1.75942E+18,2024-11-25 21:31:25+00:00
 hello i don t suppose you have a copy of the call a general election petition yes that s the one the historical r ,72789032,2024-11-25 21:31:25+00:00
 do you believe there should be a full investigation and recount in arizona due to allegations of election misconduct invo ,1.08405E+18,2024-11-25 21:31:25+00:00
 petition call a general election ,1.81403E+18,2024-11-25 21:31:25+00:00
 should these be arrested for election interference ,8.86012E+17,2024-11-25 21:31:25+00:00
 you had years garland four years and jack smith now dismisses trump s election interference case ,2998655076,2024-11-25 21:31:25+00:00
 hello i don t suppose you have a copy of the call a general election petition yes that s the one the historical r ,1.54317E+18,2024-11-25 21:31:25+00:00
 call a general election petitions ,500835909,2024-11-25 21:31:25+00:00
 not only for federal election interference but using the legal system for criminal personal political gain and criminal legal attacks against president trump all of them must be disbarred from ever practicing in our legal system ever again trust is the hallmark of an ,1.74558E+18,2024-11-25 21:31:24+00:00
new electroral college frightens the machine inference i ve been here us longer presumably and so there is impunity for me as an election official they may as well have claimed to have arrived on the mayflower a trusted person that does not make official statements ,1.79598E+18,2024-11-25 21:31:24+00:00
 elon musk fires off warning shot at diy senate rinos whoever thwas the will of the people will lose either their pr ,1.58645E+18,2024-11-25 21:31:24+00:00
 jack smith and his office must face severe legal political and financial consequences for their blatant lawfare and election ,274147809,2024-11-25 21:31:24+00:00
 cassidy s vote to impeach trump could imperil his reelection ,778800097,2024-11-25 21:31:24+00:00
 call a general election petitions ,1.6567E+18,2024-11-25 21:31:24+00:00
 breaking special counsel jack smith has moved to dismiss his federal election interference case against president elect ,2633008006,2024-11-25 21:31:24+00:00
 breaking a cou just sided with my team yet again ruling missouri s voter id law will remain intact we went to c ,272108041,2024-11-25 21:31:24+00:00
 if donald j trump had lost an election he may very well have spent the rest of his life in prison these prosecutions were ,8.22536E+17,2024-11-25 21:31:24+00:00
 jack smith and his office must face severe legal political and financial consequences for their blatant lawfare and election ,878038676,2024-11-25 21:31:24+00:00
 after trump won the election the an attention towards fraudulent voting activities subsided these additional votes that are coming in after the fact are suspect to say the least all should be investigated i m sure you ll find trump still won by a landslide if these ,1.80647E+18,2024-11-25 21:31:24+00:00
 i didn t greave over the election being stolen i m absolutely not empathizing with you grow the fuck up ,1.84728E+18,2024-11-25 21:31:24+00:00
 call a general election petitions ,1.62263E+18,2024-11-25 21:31:24+00:00
 we are looking forward to helping with this critical recount thank you for all y ,8.23957E+17,2024-11-25 21:31:24+00:00
 breaking the petition calling for a general election has now achieved of labour s entire vote share from july in ,1.5124E+18,2024-11-25 21:31:23+00:00
 if donald j trump had lost an election he may very well have spent the rest of his life in prison these prosecutions were ,1.80365E+18,2024-11-25 21:31:23+00:00
 if donald j trump had lost an election he may very well have spent the rest of his life in prison these prosecutions were ,1.77337E+18,2024-11-25 21:31:23+00:00
 just in the alaska republican pay has just hired harmeet dhillon to lead a recount effo and review the election resul ,1.4299E+18,2024-11-25 21:31:23+00:00
 no idea who voted ga county official says she was forced to ceify election without crucial docs ,1957799222,2024-11-25 21:31:23+00:00
 bollocks we decide our leaders by a general election labour won by a resounding margin labour will govern in there will be another election and the people will choose again ,228484958,2024-11-25 21:31:23+00:00
 super tax grab set to be shelved until after election ,45291573,2024-11-25 21:31:23+00:00
 if donald j trump had lost an election he may very well have spent the rest of his life in prison these prosecutions were ,1.47378E+18,2024-11-25 21:31:23+00:00
elon musk backs calls for new general election saying uk is tyrannical police state ,47825185,2024-11-25 21:31:23+00:00
 actor michael caine endorses million signature petition for britain to hold new general election in rebuke of labour governan ,1150585999,2024-11-25 21:31:23+00:00
 breaking yemi mobolade the black mayor of colorado springs just got busted for plotting with the career criminal who s ,1.81252E+18,2024-11-25 21:31:23+00:00
 yes i m disappointed in merrick garland jack smith amp scotus but mostly i m disappointed in the million americans w ,14065803,2024-11-25 21:31:23+00:00
 pretty crazy someone can be charged federally with interfering in an election and those charges get dropped because th ,6998002,2024-11-25 21:31:23+00:00
 breaking legendary british actor sir michael kane just shared the petition to call a new general election on his x account ,378853635,2024-11-25 21:31:23+00:00
 breaking legendary british actor sir michael kane just shared the petition to call a new general election on his x account ,8.53337E+17,2024-11-25 21:31:22+00:00
wow great job kamala we all hope you re enjoying your hawaiian getaway dnc union launches gofundme to help former staffers hit by massive layoffs after election losses ,577490875,2024-11-25 21:31:22+00:00
 it goes back to when the cia and the nsa knew there was a definitive russian agenda in controlling the outcome of a us general election before during and immediately after the election obama was told of russian interference but did nothing to prevent it ,8.23746E+17,2024-11-25 21:31:22+00:00
 it was a stolen election with an illegal president ,1.52044E+18,2024-11-25 21:31:22+00:00
 if donald j trump had lost an election he may very well have spent the rest of his life in prison these prosecutions were ,1.04457E+18,2024-11-25 21:31:22+00:00
 you have not said trump has not won the election yet you just said trump has not won the election basically pretty stupid post,419686379,2024-11-25 21:31:22+00:00
 trump is getting away with trying to steal the last presidential election because he won this one this is a dark day fo ,24770122,2024-11-25 21:31:22+00:00
 if donald j trump had lost an election he may very well have spent the rest of his life in prison these prosecutions were ,8.22606E+17,2024-11-25 21:31:22+00:00
 so it was democrat lawfare election interference and complte bullshit and if trump had lost he would have spent the rest of his life in jail jack smith needs to go to prison,1.74549E+18,2024-11-25 21:31:22+00:00
 trudeau s years as prime minister will go down as a disaster we now have food lines reminiscent of the great depre ,1.23964E+18,2024-11-25 21:31:22+00:00
 this sorry pos is stephen richer he s maricopa county recorder arizona involved in the subversion of the elec ,1.697E+18,2024-11-25 21:31:22+00:00
 all that has changed is that trump won the election and now jack smith is moving to dismiss isn t that tantamount to a ,90417581,2024-11-25 21:31:22+00:00
 sign the petition approaching million signatures already i signed call a general election now #starmeroutno ,1.13914E+18,2024-11-25 21:31:22+00:00
let s not let the momentum drop keep sharing keep signing petition call a general election ,47432093,2024-11-25 21:31:22+00:00
 new alaska gop has hired harmeet dhillon to recount and review the statewide election results for their ranked choice voti ,8.10844E+17,2024-11-25 21:31:22+00:00
 teacher says educators had emotional breakdowns and cried at school after the election because trump won and claims trum ,1.71253E+18,2024-11-25 21:31:22+00:00
 i m adrian fontes and for now i m the secretary of state fontes says at election ceification while sitting next t ,1497120283,2024-11-25 21:31:22+00:00
jack smith surrenders ends florida prosecution against trump in triumph for president elect via ,1398602172,2024-11-25 21:31:22+00:00
 labour suppoers to right wingers demanding a general election ,185231384,2024-11-25 21:31:22+00:00
 breaking jack smith has filed to dismiss his bogus j indictment against president trump fani willis jack smith an ,1.6818E+18,2024-11-25 21:31:22+00:00
 can you pull up the election before ,1.78149E+18,2024-11-25 21:31:22+00:00
 should these be arrested for election interference ,1.59418E+18,2024-11-25 21:31:21+00:00
 call a general election petitions ,1.82839E+18,2024-11-25 21:31:21+00:00
 getting rid of the rino s is as impo as winning the election ,1.45134E+18,2024-11-25 21:31:21+00:00
 watch rachel maddow and joy reid slowly lose it as they realize trump s winning the election ,1.04948E+18,2024-11-25 21:31:21+00:00
 wrong the case was dropped because he won the election not because a crime wasn t committed ,1.17195E+18,2024-11-25 21:31:21+00:00
 if you had asked me on january if i thought we d be here looking at that melon hued motherfucker getting away wi ,1.0805E+18,2024-11-25 21:31:21+00:00
 all we ask from the international community is not to suppo and strengthen a regime that forged an election disappears our ,350372398,2024-11-25 21:31:21+00:00
 do you believe there should be a full investigation and recount in arizona due to allegations of election misconduct invo ,1.59222E+18,2024-11-25 21:31:21+00:00
 today georgians took to the streets to protest rigged elections as the oligarch led georgian dream pay convened the ,1.49209E+18,2024-11-25 21:31:21+00:00
 do you suppo the maple maga amp canada first demonstrations do you believe we need more leading up to the next elec ,1.80493E+18,2024-11-25 21:31:21+00:00
 all we ask from the international community is not to suppo and strengthen a regime that forged an election disappears our ,1.38451E+18,2024-11-25 21:31:21+00:00
